Mejor,Vecinos
8.995819657392616,8.995819657392616
8.818398039347208,8.818398039347208
8.647270079677353,8.647270079677353
8.48138202134074,8.48138202134074
8.316547495141045,8.316547495141045
