Mejor,Vecinos
8.998110750802592,8.998110750802592
8.80591898533082,8.80591898533082
8.614061244694598,8.614061244694598
8.43548507972661,8.43548507972661
8.435485079726606,8.435485079726606
